Instance,API_Endpoint,Error_Reason
285936586.masto.host,/api/v1/instance/domain_blocks,404 Client Error: Not Found for url: https://285936586.masto.host/api/v1/instance/domain_blocks
285936586.masto.host,/api/v1/instance/terms_of_service,404 Client Error: Not Found for url: https://285936586.masto.host/api/v1/instance/terms_of_service
7144.party,/api/v1/instance/domain_blocks,404 Client Error: Not Found for url: https://7144.party/api/v1/instance/domain_blocks
7144.party,/api/v1/instance/extended_description,404 Client Error: Not Found for url: https://7144.party/api/v1/instance/extended_description
7144.party,/api/v1/instance/privacy_policy,404 Client Error: Not Found for url: https://7144.party/api/v1/instance/privacy_policy
7144.party,/api/v1/instance/terms_of_service,404 Client Error: Not Found for url: https://7144.party/api/v1/instance/terms_of_service
7144.party,/api/v1/instance/translation_languages,404 Client Error: Not Found for url: https://7144.party/api/v1/instance/translation_languages
a2mi.social,/api/v1/instance/domain_blocks,404 Client Error: Not Found for url: https://a2mi.social/api/v1/instance/domain_blocks
a2mi.social,/api/v1/instance/terms_of_service,404 Client Error: Not Found for url: https://a2mi.social/api/v1/instance/terms_of_service
aana.site,/api/v1/instance/domain_blocks,404 Client Error: Not Found for url: https://aana.site/api/v1/instance/domain_blocks
aana.site,/api/v1/instance/terms_of_service,404 Client Error: Not Found for url: https://aana.site/api/v1/instance/terms_of_service
abdl.link,/api/v1/instance/domain_blocks,404 Client Error: Not Found for url: https://abdl.link/api/v1/instance/domain_blocks
abdl.link,/api/v1/instance/terms_of_service,404 Client Error: Not Found for url: https://abdl.link/api/v1/instance/terms_of_service
allpro.social,/api/v1/instance/terms_of_service,404 Client Error: Not Found for url: https://allpro.social/api/v1/instance/terms_of_service
amefur.asia,/api/v1/instance/domain_blocks,404 Client Error: Not Found for url: https://amefur.asia/api/v1/instance/domain_blocks
amefur.asia,/api/v1/instance/terms_of_service,404 Client Error: Not Found for url: https://amefur.asia/api/v1/instance/terms_of_service
amicale.net,/api/v1/instance/domain_blocks,404 Client Error: Not Found for url: https://amicale.net/api/v1/instance/domain_blocks
amicale.net,/api/v1/instance/terms_of_service,404 Client Error: Not Found for url: https://amicale.net/api/v1/instance/terms_of_service
artoot.xyz,/api/v1/instance/terms_of_service,404 Client Error: Not Found for url: https://artoot.xyz/api/v1/instance/terms_of_service
assortedflotsam.com,/api/v1/instance/terms_of_service,404 Client Error: Not Found for url: https://assortedflotsam.com/api/v1/instance/terms_of_service
audiophile-mastodon.com,/api/v1/instance/domain_blocks,404 Client Error: Not Found for url: https://audiophile-mastodon.com/api/v1/instance/domain_blocks
audiophile-mastodon.com,/api/v1/instance/terms_of_service,404 Client Error: Not Found for url: https://audiophile-mastodon.com/api/v1/instance/terms_of_service
audiophile-mastodon.com,/api/v1/instance/translation_languages,404 Client Error: Not Found for url: https://audiophile-mastodon.com/api/v1/instance/translation_languages
aus.social,/api/v1/instance/domain_blocks,404 Client Error: Not Found for url: https://aus.social/api/v1/instance/domain_blocks
aus.social,/api/v1/instance/terms_of_service,404 Client Error: Not Found for url: https://aus.social/api/v1/instance/terms_of_service
backyard.cloud,/api/v1/instance/domain_blocks,404 Client Error: Not Found for url: https://backyard.cloud/api/v1/instance/domain_blocks
backyard.cloud,/api/v1/instance/terms_of_service,404 Client Error: Not Found for url: https://backyard.cloud/api/v1/instance/terms_of_service
bangdream.space,/api/v1/instance/domain_blocks,404 Client Error: Not Found for url: https://bangdream.space/api/v1/instance/domain_blocks
bangdream.space,/api/v1/instance/terms_of_service,404 Client Error: Not Found for url: https://bangdream.space/api/v1/instance/terms_of_service
baraag.net,/api/v1/instance/activity,404 Client Error: Not Found for url: https://baraag.net/api/v1/instance/activity
baraag.net,/api/v1/instance/domain_blocks,404 Client Error: Not Found for url: https://baraag.net/api/v1/instance/domain_blocks
beach.city,/api/v1/instance/domain_blocks,404 Client Error: Not Found for url: https://beach.city/api/v1/instance/domain_blocks
beach.city,/api/v1/instance/terms_of_service,404 Client Error: Not Found for url: https://beach.city/api/v1/instance/terms_of_service
bonn.social,/api/v1/instance/terms_of_service,404 Client Error: Not Found for url: https://bonn.social/api/v1/instance/terms_of_service
bookwor.ms,/api/v1/instance/domain_blocks,404 Client Error: Not Found for url: https://bookwor.ms/api/v1/instance/domain_blocks
bookwor.ms,/api/v1/instance/terms_of_service,404 Client Error: Not Found for url: https://bookwor.ms/api/v1/instance/terms_of_service
butts.team,/api/v1/instance/terms_of_service,404 Client Error: Not Found for url: https://butts.team/api/v1/instance/terms_of_service
chaos.social,/api/v1/instance/domain_blocks,404 Client Error: Not Found for url: https://chaos.social/api/v1/instance/domain_blocks
chaos.social,/api/v1/instance/terms_of_service,404 Client Error: Not Found for url: https://chaos.social/api/v1/instance/terms_of_service
chaosphere.hostdon.jp,/api/v1/instance/domain_blocks,404 Client Error: Not Found for url: https://chaosphere.hostdon.jp/api/v1/instance/domain_blocks
chaosphere.hostdon.jp,/api/v1/instance/terms_of_service,404 Client Error: Not Found for url: https://chaosphere.hostdon.jp/api/v1/instance/terms_of_service
chitter.xyz,/api/v1/instance/peers,404 Client Error: Not Found for url: https://chitter.xyz/api/v1/instance/peers
chitter.xyz,/api/v1/instance/domain_blocks,404 Client Error: Not Found for url: https://chitter.xyz/api/v1/instance/domain_blocks
chitter.xyz,/api/v1/instance/terms_of_service,404 Client Error: Not Found for url: https://chitter.xyz/api/v1/instance/terms_of_service
colorid.es,/api/v1/instance/domain_blocks,404 Client Error: Not Found for url: https://colorid.es/api/v1/instance/domain_blocks
colorid.es,/api/v1/instance/terms_of_service,404 Client Error: Not Found for url: https://colorid.es/api/v1/instance/terms_of_service
comm.cx,/api/v1/instance/domain_blocks,404 Client Error: Not Found for url: https://comm.cx/api/v1/instance/domain_blocks
comm.cx,/api/v1/instance/terms_of_service,404 Client Error: Not Found for url: https://comm.cx/api/v1/instance/terms_of_service
computerfairi.es,/api/v1/instance/domain_blocks,404 Client Error: Not Found for url: https://computerfairi.es/api/v1/instance/domain_blocks
computerfairi.es,/api/v1/instance/extended_description,404 Client Error: Not Found for url: https://computerfairi.es/api/v1/instance/extended_description
computerfairi.es,/api/v1/instance/privacy_policy,404 Client Error: Not Found for url: https://computerfairi.es/api/v1/instance/privacy_policy
computerfairi.es,/api/v1/instance/terms_of_service,404 Client Error: Not Found for url: https://computerfairi.es/api/v1/instance/terms_of_service
computerfairi.es,/api/v1/instance/translation_languages,404 Client Error: Not Found for url: https://computerfairi.es/api/v1/instance/translation_languages
die-partei.social,/api/v1/instance/domain_blocks,404 Client Error: Not Found for url: https://die-partei.social/api/v1/instance/domain_blocks
die-partei.social,/api/v1/instance/terms_of_service,404 Client Error: Not Found for url: https://die-partei.social/api/v1/instance/terms_of_service
digipres.club,/api/v1/instance/domain_blocks,404 Client Error: Not Found for url: https://digipres.club/api/v1/instance/domain_blocks
digipres.club,/api/v1/instance/terms_of_service,404 Client Error: Not Found for url: https://digipres.club/api/v1/instance/terms_of_service
digitalcourage.social,/api/v1/instance/terms_of_service,404 Client Error: Not Found for url: https://digitalcourage.social/api/v1/instance/terms_of_service
dobbs.town,/api/v1/instance/peers,404 Client Error: Not Found for url: https://dobbs.town/api/v1/instance/peers
dobbs.town,/api/v1/instance/domain_blocks,404 Client Error: Not Found for url: https://dobbs.town/api/v1/instance/domain_blocks
dobbs.town,/api/v1/instance/terms_of_service,404 Client Error: Not Found for url: https://dobbs.town/api/v1/instance/terms_of_service
don.neso.tech,/api/v1/instance/domain_blocks,404 Client Error: Not Found for url: https://don.neso.tech/api/v1/instance/domain_blocks
don.neso.tech,/api/v1/instance/extended_description,404 Client Error: Not Found for url: https://don.neso.tech/api/v1/instance/extended_description
don.neso.tech,/api/v1/instance/privacy_policy,404 Client Error: Not Found for url: https://don.neso.tech/api/v1/instance/privacy_policy
don.neso.tech,/api/v1/instance/terms_of_service,404 Client Error: Not Found for url: https://don.neso.tech/api/v1/instance/terms_of_service
don.neso.tech,/api/v1/instance/translation_languages,404 Client Error: Not Found for url: https://don.neso.tech/api/v1/instance/translation_languages
donphan.social,/api/v1/instance/domain_blocks,404 Client Error: Not Found for url: https://donphan.social/api/v1/instance/domain_blocks
donphan.social,/api/v1/instance/terms_of_service,404 Client Error: Not Found for url: https://donphan.social/api/v1/instance/terms_of_service
dragonscave.space,/api/v1/instance/terms_of_service,404 Client Error: Not Found for url: https://dragonscave.space/api/v1/instance/terms_of_service
dtp-mstdn.jp,/api/v1/instance/rules,404 Client Error: Not Found for url: https://dtp-mstdn.jp/api/v1/instance/rules
dtp-mstdn.jp,/api/v1/instance/domain_blocks,404 Client Error: Not Found for url: https://dtp-mstdn.jp/api/v1/instance/domain_blocks
dtp-mstdn.jp,/api/v1/instance/extended_description,404 Client Error: Not Found for url: https://dtp-mstdn.jp/api/v1/instance/extended_description
dtp-mstdn.jp,/api/v1/instance/privacy_policy,404 Client Error: Not Found for url: https://dtp-mstdn.jp/api/v1/instance/privacy_policy
dtp-mstdn.jp,/api/v1/instance/terms_of_service,404 Client Error: Not Found for url: https://dtp-mstdn.jp/api/v1/instance/terms_of_service
dtp-mstdn.jp,/api/v1/instance/translation_languages,404 Client Error: Not Found for url: https://dtp-mstdn.jp/api/v1/instance/translation_languages
duck.haus,/api/v1/instance/domain_blocks,404 Client Error: Not Found for url: https://duck.haus/api/v1/instance/domain_blocks
duck.haus,/api/v1/instance/terms_of_service,404 Client Error: Not Found for url: https://duck.haus/api/v1/instance/terms_of_service
elefant.social,/api/v1/instance/domain_blocks,404 Client Error: Not Found for url: https://elefant.social/api/v1/instance/domain_blocks
elefant.social,/api/v1/instance/terms_of_service,404 Client Error: Not Found for url: https://elefant.social/api/v1/instance/terms_of_service
elekk.xyz,/api/v1/instance/domain_blocks,404 Client Error: Not Found for url: https://elekk.xyz/api/v1/instance/domain_blocks
elekk.xyz,/api/v1/instance/terms_of_service,404 Client Error: Not Found for url: https://elekk.xyz/api/v1/instance/terms_of_service
eletusk.club,/api/v1/instance/domain_blocks,404 Client Error: Not Found for url: https://eletusk.club/api/v1/instance/domain_blocks
eletusk.club,/api/v1/instance/terms_of_service,404 Client Error: Not Found for url: https://eletusk.club/api/v1/instance/terms_of_service
elle.systems,/api/v1/instance/domain_blocks,404 Client Error: Not Found for url: https://elle.systems/api/v1/instance/domain_blocks
elle.systems,/api/v1/instance/terms_of_service,404 Client Error: Not Found for url: https://elle.systems/api/v1/instance/terms_of_service
embassy.social,/api/v1/instance/domain_blocks,404 Client Error: Not Found for url: https://embassy.social/api/v1/instance/domain_blocks
embassy.social,/api/v1/instance/terms_of_service,404 Client Error: Not Found for url: https://embassy.social/api/v1/instance/terms_of_service
en.osm.town,/api/v1/instance/terms_of_service,404 Client Error: Not Found for url: https://en.osm.town/api/v1/instance/terms_of_service
equestria.social,/api/v1/instance/domain_blocks,404 Client Error: Not Found for url: https://equestria.social/api/v1/instance/domain_blocks
equestria.social,/api/v1/instance/terms_of_service,404 Client Error: Not Found for url: https://equestria.social/api/v1/instance/terms_of_service
esperanto.masto.host,/api/v1/instance/peers,404 Client Error: Not Found for url: https://esperanto.masto.host/api/v1/instance/peers
esperanto.masto.host,/api/v1/instance/terms_of_service,404 Client Error: Not Found for url: https://esperanto.masto.host/api/v1/instance/terms_of_service
fedi.lynnesbian.space,/api/v1/instance/terms_of_service,404 Client Error: Not Found for url: https://fedi.lynnesbian.space/api/v1/instance/terms_of_service
ffxiv-mastodon.com,/api/v1/instance/domain_blocks,404 Client Error: Not Found for url: https://ffxiv-mastodon.com/api/v1/instance/domain_blocks
ffxiv-mastodon.com,/api/v1/instance/terms_of_service,404 Client Error: Not Found for url: https://ffxiv-mastodon.com/api/v1/instance/terms_of_service
foresdon.jp,/api/v1/instance/domain_blocks,404 Client Error: Not Found for url: https://foresdon.jp/api/v1/instance/domain_blocks
foresdon.jp,/api/v1/instance/terms_of_service,404 Client Error: Not Found for url: https://foresdon.jp/api/v1/instance/terms_of_service
fosstodon.org,/api/v1/instance/domain_blocks,404 Client Error: Not Found for url: https://fosstodon.org/api/v1/instance/domain_blocks
fosstodon.org,/api/v1/instance/terms_of_service,404 Client Error: Not Found for url: https://fosstodon.org/api/v1/instance/terms_of_service
framapiaf.org,/api/v1/instance/terms_of_service,404 Client Error: Not Found for url: https://framapiaf.org/api/v1/instance/terms_of_service
friends.cafe,/api/v1/instance/peers,404 Client Error: Not Found for url: https://friends.cafe/api/v1/instance/peers
friends.cafe,/api/v1/instance/domain_blocks,404 Client Error: Not Found for url: https://friends.cafe/api/v1/instance/domain_blocks
friends.cafe,/api/v1/instance/extended_description,404 Client Error: Not Found for url: https://friends.cafe/api/v1/instance/extended_description
friends.cafe,/api/v1/instance/privacy_policy,404 Client Error: Not Found for url: https://friends.cafe/api/v1/instance/privacy_policy
friends.cafe,/api/v1/instance/terms_of_service,404 Client Error: Not Found for url: https://friends.cafe/api/v1/instance/terms_of_service
friends.cafe,/api/v1/instance/translation_languages,404 Client Error: Not Found for url: https://friends.cafe/api/v1/instance/translation_languages
functional.cafe,/api/v1/instance/domain_blocks,404 Client Error: Not Found for url: https://functional.cafe/api/v1/instance/domain_blocks
functional.cafe,/api/v1/instance/terms_of_service,404 Client Error: Not Found for url: https://functional.cafe/api/v1/instance/terms_of_service
g0v.social,/api/v1/instance/domain_blocks,404 Client Error: Not Found for url: https://g0v.social/api/v1/instance/domain_blocks
gamelinks007.net,/api/v1/instance/domain_blocks,404 Client Error: Not Found for url: https://gamelinks007.net/api/v1/instance/domain_blocks
gingadon.com,/api/v1/instance/domain_blocks,404 Client Error: Not Found for url: https://gingadon.com/api/v1/instance/domain_blocks
gingadon.com,/api/v1/instance/terms_of_service,404 Client Error: Not Found for url: https://gingadon.com/api/v1/instance/terms_of_service
glaceon.social,/api/v1/instance/terms_of_service,404 Client Error: Not Found for url: https://glaceon.social/api/v1/instance/terms_of_service
glammr.us,/api/v1/instance/domain_blocks,404 Client Error: Not Found for url: https://glammr.us/api/v1/instance/domain_blocks
glammr.us,/api/v1/instance/terms_of_service,404 Client Error: Not Found for url: https://glammr.us/api/v1/instance/terms_of_service
godforsaken.website,/api/v1/instance/domain_blocks,404 Client Error: Not Found for url: https://godforsaken.website/api/v1/instance/domain_blocks
godforsaken.website,/api/v1/instance/terms_of_service,404 Client Error: Not Found for url: https://godforsaken.website/api/v1/instance/terms_of_service
gorone.xyz,/api/v1/instance/domain_blocks,404 Client Error: Not Found for url: https://gorone.xyz/api/v1/instance/domain_blocks
gorone.xyz,/api/v1/instance/terms_of_service,404 Client Error: Not Found for url: https://gorone.xyz/api/v1/instance/terms_of_service
gulp.cafe,/api/v1/instance/domain_blocks,404 Client Error: Not Found for url: https://gulp.cafe/api/v1/instance/domain_blocks
h.kokuda.org,/api/v1/instance/domain_blocks,404 Client Error: Not Found for url: https://h.kokuda.org/api/v1/instance/domain_blocks
h.kokuda.org,/api/v1/instance/terms_of_service,404 Client Error: Not Found for url: https://h.kokuda.org/api/v1/instance/terms_of_service
handon.club,/api/v1/instance/domain_blocks,404 Client Error: Not Found for url: https://handon.club/api/v1/instance/domain_blocks
handon.club,/api/v1/instance/terms_of_service,404 Client Error: Not Found for url: https://handon.club/api/v1/instance/terms_of_service
heislandmine.work,/api/v1/instance/domain_blocks,404 Client Error: Not Found for url: https://heislandmine.work/api/v1/instance/domain_blocks
heislandmine.work,/api/v1/instance/terms_of_service,404 Client Error: Not Found for url: https://heislandmine.work/api/v1/instance/terms_of_service
heislandmine.work,/api/v1/instance/translation_languages,404 Client Error: Not Found for url: https://heislandmine.work/api/v1/instance/translation_languages
hexadon.net,/api/v1/instance/domain_blocks,404 Client Error: Not Found for url: https://hexadon.net/api/v1/instance/domain_blocks
hexadon.net,/api/v1/instance/terms_of_service,404 Client Error: Not Found for url: https://hexadon.net/api/v1/instance/terms_of_service
hexadon.net,/api/v1/instance/translation_languages,404 Client Error: Not Found for url: https://hexadon.net/api/v1/instance/translation_languages
hispagatos.space,/api/v1/instance/domain_blocks,404 Client Error: Not Found for url: https://hispagatos.space/api/v1/instance/domain_blocks
hispagatos.space,/api/v1/instance/terms_of_service,404 Client Error: Not Found for url: https://hispagatos.space/api/v1/instance/terms_of_service
hokutodon.co,/api/v1/instance/domain_blocks,404 Client Error: Not Found for url: https://hokutodon.co/api/v1/instance/domain_blocks
hokutodon.co,/api/v1/instance/terms_of_service,404 Client Error: Not Found for url: https://hokutodon.co/api/v1/instance/terms_of_service
homoo.social,/api/v1/instance/terms_of_service,404 Client Error: Not Found for url: https://homoo.social/api/v1/instance/terms_of_service
homoo.social,/api/v1/instance/translation_languages,404 Client Error: Not Found for url: https://homoo.social/api/v1/instance/translation_languages
hostsharing.coop,/api/v1/instance/domain_blocks,404 Client Error: Not Found for url: https://hostsharing.coop/api/v1/instance/domain_blocks
hostsharing.coop,/api/v1/instance/terms_of_service,404 Client Error: Not Found for url: https://hostsharing.coop/api/v1/instance/terms_of_service
hostux.social,/api/v1/instance/terms_of_service,404 Client Error: Not Found for url: https://hostux.social/api/v1/instance/terms_of_service
hulvr.com,/api/v1/instance/domain_blocks,404 Client Error: Not Found for url: https://hulvr.com/api/v1/instance/domain_blocks
hulvr.com,/api/v1/instance/terms_of_service,404 Client Error: Not Found for url: https://hulvr.com/api/v1/instance/terms_of_service
ichiji.social,/api/v1/instance/domain_blocks,404 Client Error: Not Found for url: https://ichiji.social/api/v1/instance/domain_blocks
ichiji.social,/api/v1/instance/terms_of_service,404 Client Error: Not Found for url: https://ichiji.social/api/v1/instance/terms_of_service
ichinyo.site,/api/v1/instance/peers,404 Client Error: Not Found for url: https://ichinyo.site/api/v1/instance/peers
ichinyo.site,/api/v1/instance/rules,404 Client Error: Not Found for url: https://ichinyo.site/api/v1/instance/rules
ichinyo.site,/api/v1/instance/domain_blocks,404 Client Error: Not Found for url: https://ichinyo.site/api/v1/instance/domain_blocks
ichinyo.site,/api/v1/instance/extended_description,404 Client Error: Not Found for url: https://ichinyo.site/api/v1/instance/extended_description
ichinyo.site,/api/v1/instance/privacy_policy,404 Client Error: Not Found for url: https://ichinyo.site/api/v1/instance/privacy_policy
ichinyo.site,/api/v1/instance/terms_of_service,404 Client Error: Not Found for url: https://ichinyo.site/api/v1/instance/terms_of_service
ichinyo.site,/api/v1/instance/translation_languages,404 Client Error: Not Found for url: https://ichinyo.site/api/v1/instance/translation_languages
idlethumbs.social,/api/v1/instance/domain_blocks,404 Client Error: Not Found for url: https://idlethumbs.social/api/v1/instance/domain_blocks
idlethumbs.social,/api/v1/instance/terms_of_service,404 Client Error: Not Found for url: https://idlethumbs.social/api/v1/instance/terms_of_service
ieji.de,/api/v1/instance/terms_of_service,404 Client Error: Not Found for url: https://ieji.de/api/v1/instance/terms_of_service
ifrit.gaia.ff14-mstdn.xyz,/api/v1/instance/domain_blocks,404 Client Error: Not Found for url: https://ifrit.gaia.ff14-mstdn.xyz/api/v1/instance/domain_blocks
ifrit.gaia.ff14-mstdn.xyz,/api/v1/instance/terms_of_service,404 Client Error: Not Found for url: https://ifrit.gaia.ff14-mstdn.xyz/api/v1/instance/terms_of_service
ifrit.gaia.ff14-mstdn.xyz,/api/v1/instance/translation_languages,404 Client Error: Not Found for url: https://ifrit.gaia.ff14-mstdn.xyz/api/v1/instance/translation_languages
ika.queloud.net,/api/v1/instance/peers,404 Client Error: Not Found for url: https://ika.queloud.net/api/v1/instance/peers
ika.queloud.net,/api/v1/instance/domain_blocks,404 Client Error: Not Found for url: https://ika.queloud.net/api/v1/instance/domain_blocks
ika.queloud.net,/api/v1/instance/terms_of_service,404 Client Error: Not Found for url: https://ika.queloud.net/api/v1/instance/terms_of_service
im-in.space,imformation (v2 & v1),403 Client Error: Forbidden for url: https://im-in.space/api/v1/instance
im-in.space,/api/v1/instance/peers,403 Client Error: Forbidden for url: https://im-in.space/api/v1/instance/peers
im-in.space,/api/v1/instance/activity,403 Client Error: Forbidden for url: https://im-in.space/api/v1/instance/activity
im-in.space,/api/v1/instance/rules,403 Client Error: Forbidden for url: https://im-in.space/api/v1/instance/rules
im-in.space,/api/v1/instance/domain_blocks,403 Client Error: Forbidden for url: https://im-in.space/api/v1/instance/domain_blocks
im-in.space,/api/v1/instance/extended_description,403 Client Error: Forbidden for url: https://im-in.space/api/v1/instance/extended_description
im-in.space,/api/v1/instance/privacy_policy,403 Client Error: Forbidden for url: https://im-in.space/api/v1/instance/privacy_policy
im-in.space,/api/v1/instance/terms_of_service,403 Client Error: Forbidden for url: https://im-in.space/api/v1/instance/terms_of_service
im-in.space,/api/v1/instance/translation_languages,403 Client Error: Forbidden for url: https://im-in.space/api/v1/instance/translation_languages
imastodon.blue,/api/v1/instance/domain_blocks,404 Client Error: Not Found for url: https://imastodon.blue/api/v1/instance/domain_blocks
imastodon.blue,/api/v1/instance/terms_of_service,404 Client Error: Not Found for url: https://imastodon.blue/api/v1/instance/terms_of_service
imastodon.blue,/api/v1/instance/translation_languages,404 Client Error: Not Found for url: https://imastodon.blue/api/v1/instance/translation_languages
imastodon.net,/api/v1/instance/domain_blocks,404 Client Error: Not Found for url: https://imastodon.net/api/v1/instance/domain_blocks
imastodon.net,/api/v1/instance/terms_of_service,404 Client Error: Not Found for url: https://imastodon.net/api/v1/instance/terms_of_service
imastodon.org,/api/v1/instance/domain_blocks,404 Client Error: Not Found for url: https://imastodon.org/api/v1/instance/domain_blocks
imastodon.org,/api/v1/instance/terms_of_service,404 Client Error: Not Found for url: https://imastodon.org/api/v1/instance/terms_of_service
inherently.digital,/api/v1/instance/peers,404 Client Error: Not Found for url: https://inherently.digital/api/v1/instance/peers
inherently.digital,/api/v1/instance/activity,404 Client Error: Not Found for url: https://inherently.digital/api/v1/instance/activity
inherently.digital,/api/v1/instance/domain_blocks,404 Client Error: Not Found for url: https://inherently.digital/api/v1/instance/domain_blocks
inherently.digital,/api/v1/instance/terms_of_service,404 Client Error: Not Found for url: https://inherently.digital/api/v1/instance/terms_of_service
itabashi.0j0.jp,/api/v1/instance/rules,404 Client Error: Not Found for url: https://itabashi.0j0.jp/api/v1/instance/rules
itabashi.0j0.jp,/api/v1/instance/domain_blocks,404 Client Error: Not Found for url: https://itabashi.0j0.jp/api/v1/instance/domain_blocks
itabashi.0j0.jp,/api/v1/instance/extended_description,404 Client Error: Not Found for url: https://itabashi.0j0.jp/api/v1/instance/extended_description
itabashi.0j0.jp,/api/v1/instance/privacy_policy,404 Client Error: Not Found for url: https://itabashi.0j0.jp/api/v1/instance/privacy_policy
itabashi.0j0.jp,/api/v1/instance/terms_of_service,404 Client Error: Not Found for url: https://itabashi.0j0.jp/api/v1/instance/terms_of_service
itabashi.0j0.jp,/api/v1/instance/translation_languages,404 Client Error: Not Found for url: https://itabashi.0j0.jp/api/v1/instance/translation_languages
jawns.club,/api/v1/instance/domain_blocks,404 Client Error: Not Found for url: https://jawns.club/api/v1/instance/domain_blocks
jawns.club,/api/v1/instance/terms_of_service,404 Client Error: Not Found for url: https://jawns.club/api/v1/instance/terms_of_service
jorts.horse,/api/v1/instance/terms_of_service,404 Client Error: Not Found for url: https://jorts.horse/api/v1/instance/terms_of_service
kancolle.social,/api/v1/instance/domain_blocks,404 Client Error: Not Found for url: https://kancolle.social/api/v1/instance/domain_blocks
kancolle.social,/api/v1/instance/terms_of_service,404 Client Error: Not Found for url: https://kancolle.social/api/v1/instance/terms_of_service
kcmo.social,/api/v1/instance/domain_blocks,404 Client Error: Not Found for url: https://kcmo.social/api/v1/instance/domain_blocks
kcmo.social,/api/v1/instance/terms_of_service,404 Client Error: Not Found for url: https://kcmo.social/api/v1/instance/terms_of_service
kemonodon.club,/api/v1/instance/terms_of_service,404 Client Error: Not Found for url: https://kemonodon.club/api/v1/instance/terms_of_service
kemonodon.club,/api/v1/instance/translation_languages,404 Client Error: Not Found for url: https://kemonodon.club/api/v1/instance/translation_languages
kind.social,/api/v1/instance/domain_blocks,404 Client Error: Not Found for url: https://kind.social/api/v1/instance/domain_blocks
kind.social,/api/v1/instance/terms_of_service,404 Client Error: Not Found for url: https://kind.social/api/v1/instance/terms_of_service
kirakiratter.com,/api/v1/instance/peers,404 Client Error: Not Found for url: https://kirakiratter.com/api/v1/instance/peers
kirakiratter.com,/api/v1/instance/domain_blocks,404 Client Error: Not Found for url: https://kirakiratter.com/api/v1/instance/domain_blocks
kirakiratter.com,/api/v1/instance/terms_of_service,404 Client Error: Not Found for url: https://kirakiratter.com/api/v1/instance/terms_of_service
kirakiratter.com,/api/v1/instance/translation_languages,404 Client Error: Not Found for url: https://kirakiratter.com/api/v1/instance/translation_languages
kirche.social,/api/v1/instance/terms_of_service,404 Client Error: Not Found for url: https://kirche.social/api/v1/instance/terms_of_service
kiritan.work,/api/v1/instance/domain_blocks,404 Client Error: Not Found for url: https://kiritan.work/api/v1/instance/domain_blocks
kiritan.work,/api/v1/instance/terms_of_service,404 Client Error: Not Found for url: https://kiritan.work/api/v1/instance/terms_of_service
kompost.cz,/api/v1/instance/terms_of_service,404 Client Error: Not Found for url: https://kompost.cz/api/v1/instance/terms_of_service
kosmos.social,/api/v1/instance/domain_blocks,404 Client Error: Not Found for url: https://kosmos.social/api/v1/instance/domain_blocks
kosmos.social,/api/v1/instance/terms_of_service,404 Client Error: Not Found for url: https://kosmos.social/api/v1/instance/terms_of_service
layer8.space,/api/v1/instance/domain_blocks,404 Client Error: Not Found for url: https://layer8.space/api/v1/instance/domain_blocks
layer8.space,/api/v1/instance/terms_of_service,404 Client Error: Not Found for url: https://layer8.space/api/v1/instance/terms_of_service
liberdon.com,/api/v1/instance/terms_of_service,404 Client Error: Not Found for url: https://liberdon.com/api/v1/instance/terms_of_service
linernotes.club,/api/v1/instance/domain_blocks,404 Client Error: Not Found for url: https://linernotes.club/api/v1/instance/domain_blocks
linernotes.club,/api/v1/instance/terms_of_service,404 Client Error: Not Found for url: https://linernotes.club/api/v1/instance/terms_of_service
linernotes.club,/api/v1/instance/translation_languages,404 Client Error: Not Found for url: https://linernotes.club/api/v1/instance/translation_languages
linuxrocks.online,/api/v1/instance/terms_of_service,404 Client Error: Not Found for url: https://linuxrocks.online/api/v1/instance/terms_of_service
lou.lt,/api/v1/instance/terms_of_service,404 Client Error: Not Found for url: https://lou.lt/api/v1/instance/terms_of_service
m.aqr.af,/api/v1/instance/domain_blocks,404 Client Error: Not Found for url: https://m.aqr.af/api/v1/instance/domain_blocks
m.aqr.af,/api/v1/instance/terms_of_service,404 Client Error: Not Found for url: https://m.aqr.af/api/v1/instance/terms_of_service
m.g3l.org,/api/v1/instance/domain_blocks,404 Client Error: Not Found for url: https://m.g3l.org/api/v1/instance/domain_blocks
m.g3l.org,/api/v1/instance/terms_of_service,404 Client Error: Not Found for url: https://m.g3l.org/api/v1/instance/terms_of_service
m.nintendojo.fr,/api/v1/instance/domain_blocks,404 Client Error: Not Found for url: https://m.nintendojo.fr/api/v1/instance/domain_blocks
m.nintendojo.fr,/api/v1/instance/terms_of_service,404 Client Error: Not Found for url: https://m.nintendojo.fr/api/v1/instance/terms_of_service
m6n.onsen.tech,/api/v1/instance/domain_blocks,404 Client Error: Not Found for url: https://m6n.onsen.tech/api/v1/instance/domain_blocks
m6n.onsen.tech,/api/v1/instance/terms_of_service,404 Client Error: Not Found for url: https://m6n.onsen.tech/api/v1/instance/terms_of_service
ma.fono.jp,/api/v1/instance/terms_of_service,404 Client Error: Not Found for url: https://ma.fono.jp/api/v1/instance/terms_of_service
magnificentbeardsfan.club,/api/v1/instance/activity,404 Client Error: Not Found for url: https://magnificentbeardsfan.club/api/v1/instance/activity
magnificentbeardsfan.club,/api/v1/instance/domain_blocks,404 Client Error: Not Found for url: https://magnificentbeardsfan.club/api/v1/instance/domain_blocks
magnificentbeardsfan.club,/api/v1/instance/terms_of_service,404 Client Error: Not Found for url: https://magnificentbeardsfan.club/api/v1/instance/terms_of_service
maho.app,/api/v1/instance/terms_of_service,404 Client Error: Not Found for url: https://maho.app/api/v1/instance/terms_of_service
mamot.fr,/api/v1/instance/terms_of_service,404 Client Error: Not Found for url: https://mamot.fr/api/v1/instance/terms_of_service
mast.eu.org,/api/v1/instance/domain_blocks,404 Client Error: Not Found for url: https://mast.eu.org/api/v1/instance/domain_blocks
mast.eu.org,/api/v1/instance/terms_of_service,404 Client Error: Not Found for url: https://mast.eu.org/api/v1/instance/terms_of_service
mast.linuxgamecast.com,/api/v1/instance/domain_blocks,404 Client Error: Not Found for url: https://mast.linuxgamecast.com/api/v1/instance/domain_blocks
mast.linuxgamecast.com,/api/v1/instance/terms_of_service,404 Client Error: Not Found for url: https://mast.linuxgamecast.com/api/v1/instance/terms_of_service
mastd.racing,/api/v1/instance/terms_of_service,404 Client Error: Not Found for url: https://mastd.racing/api/v1/instance/terms_of_service
mastd.racing,/api/v1/instance/translation_languages,503 Server Error: Service Unavailable for url: https://mastd.racing/api/v1/instance/translation_languages
masto.pt,/api/v1/instance/domain_blocks,404 Client Error: Not Found for url: https://masto.pt/api/v1/instance/domain_blocks
masto.pt,/api/v1/instance/terms_of_service,404 Client Error: Not Found for url: https://masto.pt/api/v1/instance/terms_of_service
mastodon.ar.al,/api/v1/instance/domain_blocks,404 Client Error: Not Found for url: https://mastodon.ar.al/api/v1/instance/domain_blocks
mastodon.ar.al,/api/v1/instance/terms_of_service,404 Client Error: Not Found for url: https://mastodon.ar.al/api/v1/instance/terms_of_service
mastodon.art,/api/v1/instance/peers,404 Client Error: Not Found for url: https://mastodon.art/api/v1/instance/peers
mastodon.art,/api/v1/instance/terms_of_service,404 Client Error: Not Found for url: https://mastodon.art/api/v1/instance/terms_of_service
mastodon.bayern,/api/v1/instance/terms_of_service,404 Client Error: Not Found for url: https://mastodon.bayern/api/v1/instance/terms_of_service
mastodon.bida.im,/api/v1/instance/domain_blocks,404 Client Error: Not Found for url: https://mastodon.bida.im/api/v1/instance/domain_blocks
mastodon.bida.im,/api/v1/instance/terms_of_service,404 Client Error: Not Found for url: https://mastodon.bida.im/api/v1/instance/terms_of_service
mastodon.cardina1.red,/api/v1/instance/domain_blocks,404 Client Error: Not Found for url: https://mastodon.cardina1.red/api/v1/instance/domain_blocks
mastodon.cardina1.red,/api/v1/instance/terms_of_service,404 Client Error: Not Found for url: https://mastodon.cardina1.red/api/v1/instance/terms_of_service
mastodon.cc,/api/v1/instance/domain_blocks,404 Client Error: Not Found for url: https://mastodon.cc/api/v1/instance/domain_blocks
mastodon.cc,/api/v1/instance/terms_of_service,404 Client Error: Not Found for url: https://mastodon.cc/api/v1/instance/terms_of_service
mastodon.cipherbliss.com,/api/v1/instance/terms_of_service,404 Client Error: Not Found for url: https://mastodon.cipherbliss.com/api/v1/instance/terms_of_service
mastodon.cisti.org,/api/v1/instance/domain_blocks,404 Client Error: Not Found for url: https://mastodon.cisti.org/api/v1/instance/domain_blocks
mastodon.cisti.org,/api/v1/instance/terms_of_service,404 Client Error: Not Found for url: https://mastodon.cisti.org/api/v1/instance/terms_of_service
mastodon.crazynewworld.net,/api/v1/instance/domain_blocks,404 Client Error: Not Found for url: https://mastodon.crazynewworld.net/api/v1/instance/domain_blocks
mastodon.crazynewworld.net,/api/v1/instance/terms_of_service,404 Client Error: Not Found for url: https://mastodon.crazynewworld.net/api/v1/instance/terms_of_service
mastodon.design,/api/v1/instance/terms_of_service,404 Client Error: Not Found for url: https://mastodon.design/api/v1/instance/terms_of_service
mastodon.fivest.one,/api/v1/instance/domain_blocks,404 Client Error: Not Found for url: https://mastodon.fivest.one/api/v1/instance/domain_blocks
mastodon.fivest.one,/api/v1/instance/terms_of_service,404 Client Error: Not Found for url: https://mastodon.fivest.one/api/v1/instance/terms_of_service
mastodon.gamedev.place,/api/v1/instance/terms_of_service,404 Client Error: Not Found for url: https://mastodon.gamedev.place/api/v1/instance/terms_of_service
mastodon.gougere.fr,/api/v1/instance/terms_of_service,404 Client Error: Not Found for url: https://mastodon.gougere.fr/api/v1/instance/terms_of_service
mastodon.hk,/api/v1/instance/domain_blocks,404 Client Error: Not Found for url: https://mastodon.hk/api/v1/instance/domain_blocks
mastodon.hk,/api/v1/instance/terms_of_service,404 Client Error: Not Found for url: https://mastodon.hk/api/v1/instance/terms_of_service
mastodon.jalgi.eus,/api/v1/instance/domain_blocks,404 Client Error: Not Found for url: https://mastodon.jalgi.eus/api/v1/instance/domain_blocks
mastodon.jalgi.eus,/api/v1/instance/extended_description,404 Client Error: Not Found for url: https://mastodon.jalgi.eus/api/v1/instance/extended_description
mastodon.jalgi.eus,/api/v1/instance/privacy_policy,404 Client Error: Not Found for url: https://mastodon.jalgi.eus/api/v1/instance/privacy_policy
mastodon.jalgi.eus,/api/v1/instance/terms_of_service,404 Client Error: Not Found for url: https://mastodon.jalgi.eus/api/v1/instance/terms_of_service
mastodon.jalgi.eus,/api/v1/instance/translation_languages,404 Client Error: Not Found for url: https://mastodon.jalgi.eus/api/v1/instance/translation_languages
mastodon.kitchen,/api/v1/instance/domain_blocks,404 Client Error: Not Found for url: https://mastodon.kitchen/api/v1/instance/domain_blocks
mastodon.kitchen,/api/v1/instance/terms_of_service,404 Client Error: Not Found for url: https://mastodon.kitchen/api/v1/instance/terms_of_service
mastodon.me.uk,/api/v1/instance/terms_of_service,404 Client Error: Not Found for url: https://mastodon.me.uk/api/v1/instance/terms_of_service
mastodon.motcha.tech,/api/v1/instance/terms_of_service,404 Client Error: Not Found for url: https://mastodon.motcha.tech/api/v1/instance/terms_of_service
mastodon.muage.org,/api/v1/instance/domain_blocks,404 Client Error: Not Found for url: https://mastodon.muage.org/api/v1/instance/domain_blocks
mastodon.muage.org,/api/v1/instance/terms_of_service,404 Client Error: Not Found for url: https://mastodon.muage.org/api/v1/instance/terms_of_service
mastodon.nl,/api/v1/instance/terms_of_service,404 Client Error: Not Found for url: https://mastodon.nl/api/v1/instance/terms_of_service
mastodon.org.uk,/api/v1/instance/domain_blocks,404 Client Error: Not Found for url: https://mastodon.org.uk/api/v1/instance/domain_blocks
mastodon.org.uk,/api/v1/instance/terms_of_service,404 Client Error: Not Found for url: https://mastodon.org.uk/api/v1/instance/terms_of_service
mastodon.radio,/api/v1/instance/domain_blocks,404 Client Error: Not Found for url: https://mastodon.radio/api/v1/instance/domain_blocks
mastodon.radio,/api/v1/instance/terms_of_service,404 Client Error: Not Found for url: https://mastodon.radio/api/v1/instance/terms_of_service
mastodon.sdf.org,/api/v1/instance/domain_blocks,404 Client Error: Not Found for url: https://mastodon.sdf.org/api/v1/instance/domain_blocks
mastodon.sdf.org,/api/v1/instance/terms_of_service,404 Client Error: Not Found for url: https://mastodon.sdf.org/api/v1/instance/terms_of_service
mastodon.sdf.org,/api/v1/instance/translation_languages,404 Client Error: Not Found for url: https://mastodon.sdf.org/api/v1/instance/translation_languages
mastodon.sergal.org,/api/v1/instance/domain_blocks,404 Client Error: Not Found for url: https://mastodon.sergal.org/api/v1/instance/domain_blocks
mastodon.sergal.org,/api/v1/instance/terms_of_service,404 Client Error: Not Found for url: https://mastodon.sergal.org/api/v1/instance/terms_of_service
mastodon.sk,/api/v1/instance/domain_blocks,404 Client Error: Not Found for url: https://mastodon.sk/api/v1/instance/domain_blocks
mastodon.sk,/api/v1/instance/terms_of_service,404 Client Error: Not Found for url: https://mastodon.sk/api/v1/instance/terms_of_service
mastodon.social,/api/v1/instance/terms_of_service,404 Client Error: Not Found for url: https://mastodon.social/api/v1/instance/terms_of_service
mastodon.tedomum.net,/api/v1/instance/terms_of_service,404 Client Error: Not Found for url: https://mastodon.tedomum.net/api/v1/instance/terms_of_service
mastodon.top,/api/v1/instance/domain_blocks,404 Client Error: Not Found for url: https://mastodon.top/api/v1/instance/domain_blocks
mastodon.top,/api/v1/instance/terms_of_service,404 Client Error: Not Found for url: https://mastodon.top/api/v1/instance/terms_of_service
mastodon.uno,/api/v1/instance/domain_blocks,404 Client Error: Not Found for url: https://mastodon.uno/api/v1/instance/domain_blocks
mastodon.uno,/api/v1/instance/terms_of_service,404 Client Error: Not Found for url: https://mastodon.uno/api/v1/instance/terms_of_service
mastodon.zunda.ninja,/api/v1/instance/domain_blocks,404 Client Error: Not Found for url: https://mastodon.zunda.ninja/api/v1/instance/domain_blocks
mastodon.zunda.ninja,/api/v1/instance/terms_of_service,404 Client Error: Not Found for url: https://mastodon.zunda.ninja/api/v1/instance/terms_of_service
mastodos.com,/api/v1/instance/domain_blocks,404 Client Error: Not Found for url: https://mastodos.com/api/v1/instance/domain_blocks
mastodos.com,/api/v1/instance/terms_of_service,404 Client Error: Not Found for url: https://mastodos.com/api/v1/instance/terms_of_service
mathstodon.xyz,/api/v1/instance/domain_blocks,404 Client Error: Not Found for url: https://mathstodon.xyz/api/v1/instance/domain_blocks
mathstodon.xyz,/api/v1/instance/terms_of_service,404 Client Error: Not Found for url: https://mathstodon.xyz/api/v1/instance/terms_of_service
md.ggtea.org,/api/v1/instance/domain_blocks,404 Client Error: Not Found for url: https://md.ggtea.org/api/v1/instance/domain_blocks
md.ggtea.org,/api/v1/instance/extended_description,404 Client Error: Not Found for url: https://md.ggtea.org/api/v1/instance/extended_description
md.ggtea.org,/api/v1/instance/privacy_policy,404 Client Error: Not Found for url: https://md.ggtea.org/api/v1/instance/privacy_policy
md.ggtea.org,/api/v1/instance/terms_of_service,404 Client Error: Not Found for url: https://md.ggtea.org/api/v1/instance/terms_of_service
md.ggtea.org,/api/v1/instance/translation_languages,404 Client Error: Not Found for url: https://md.ggtea.org/api/v1/instance/translation_languages
md.net-p.org,/api/v1/instance/activity,404 Client Error: Not Found for url: https://md.net-p.org/api/v1/instance/activity
md.net-p.org,/api/v1/instance/domain_blocks,404 Client Error: Not Found for url: https://md.net-p.org/api/v1/instance/domain_blocks
md.net-p.org,/api/v1/instance/terms_of_service,404 Client Error: Not Found for url: https://md.net-p.org/api/v1/instance/terms_of_service
mental.social,/api/v1/instance/domain_blocks,404 Client Error: Not Found for url: https://mental.social/api/v1/instance/domain_blocks
mental.social,/api/v1/instance/terms_of_service,404 Client Error: Not Found for url: https://mental.social/api/v1/instance/terms_of_service
merveilles.town,/api/v1/instance/domain_blocks,404 Client Error: Not Found for url: https://merveilles.town/api/v1/instance/domain_blocks
merveilles.town,/api/v1/instance/terms_of_service,404 Client Error: Not Found for url: https://merveilles.town/api/v1/instance/terms_of_service
minohdon.jp,/api/v1/instance/activity,404 Client Error: Not Found for url: https://minohdon.jp/api/v1/instance/activity
minohdon.jp,/api/v1/instance/domain_blocks,404 Client Error: Not Found for url: https://minohdon.jp/api/v1/instance/domain_blocks
minohdon.jp,/api/v1/instance/terms_of_service,404 Client Error: Not Found for url: https://minohdon.jp/api/v1/instance/terms_of_service
mosw.work,/api/v1/instance/domain_blocks,404 Client Error: Not Found for url: https://mosw.work/api/v1/instance/domain_blocks
mosw.work,/api/v1/instance/terms_of_service,404 Client Error: Not Found for url: https://mosw.work/api/v1/instance/terms_of_service
mstdn.asterism.xyz,/api/v1/instance/domain_blocks,404 Client Error: Not Found for url: https://mstdn.asterism.xyz/api/v1/instance/domain_blocks
mstdn.asterism.xyz,/api/v1/instance/terms_of_service,404 Client Error: Not Found for url: https://mstdn.asterism.xyz/api/v1/instance/terms_of_service
mstdn.b-shock.org,/api/v1/instance/domain_blocks,404 Client Error: Not Found for url: https://mstdn.b-shock.org/api/v1/instance/domain_blocks
mstdn.b-shock.org,/api/v1/instance/terms_of_service,404 Client Error: Not Found for url: https://mstdn.b-shock.org/api/v1/instance/terms_of_service
mstdn.fr,/api/v1/instance/domain_blocks,404 Client Error: Not Found for url: https://mstdn.fr/api/v1/instance/domain_blocks
mstdn.fr,/api/v1/instance/terms_of_service,404 Client Error: Not Found for url: https://mstdn.fr/api/v1/instance/terms_of_service
mstdn.guru,imformation (v2 & v1),502 Server Error: Bad Gateway for url: https://mstdn.guru/api/v1/instance
mstdn.guru,/api/v1/instance/peers,502 Server Error: Bad Gateway for url: https://mstdn.guru/api/v1/instance/peers
mstdn.guru,/api/v1/instance/activity,502 Server Error: Bad Gateway for url: https://mstdn.guru/api/v1/instance/activity
mstdn.guru,/api/v1/instance/rules,502 Server Error: Bad Gateway for url: https://mstdn.guru/api/v1/instance/rules
mstdn.guru,/api/v1/instance/domain_blocks,502 Server Error: Bad Gateway for url: https://mstdn.guru/api/v1/instance/domain_blocks
mstdn.guru,/api/v1/instance/extended_description,502 Server Error: Bad Gateway for url: https://mstdn.guru/api/v1/instance/extended_description
mstdn.guru,/api/v1/instance/privacy_policy,502 Server Error: Bad Gateway for url: https://mstdn.guru/api/v1/instance/privacy_policy
mstdn.guru,/api/v1/instance/terms_of_service,502 Server Error: Bad Gateway for url: https://mstdn.guru/api/v1/instance/terms_of_service
mstdn.guru,/api/v1/instance/translation_languages,502 Server Error: Bad Gateway for url: https://mstdn.guru/api/v1/instance/translation_languages
mstdn.ikebuku.ro,/api/v1/instance/terms_of_service,404 Client Error: Not Found for url: https://mstdn.ikebuku.ro/api/v1/instance/terms_of_service
mstdn.jnsk.info,/api/v1/instance/domain_blocks,404 Client Error: Not Found for url: https://mstdn.jnsk.info/api/v1/instance/domain_blocks
mstdn.jnsk.info,/api/v1/instance/terms_of_service,404 Client Error: Not Found for url: https://mstdn.jnsk.info/api/v1/instance/terms_of_service
mstdn.maud.io,/api/v1/instance/peers,404 Client Error: Not Found for url: https://mstdn.maud.io/api/v1/instance/peers
mstdn.maud.io,/api/v1/instance/domain_blocks,404 Client Error: Not Found for url: https://mstdn.maud.io/api/v1/instance/domain_blocks
mstdn.mini4wd-engineer.com,/api/v1/instance/domain_blocks,404 Client Error: Not Found for url: https://mstdn.mini4wd-engineer.com/api/v1/instance/domain_blocks
mstdn.mini4wd-engineer.com,/api/v1/instance/extended_description,404 Client Error: Not Found for url: https://mstdn.mini4wd-engineer.com/api/v1/instance/extended_description
mstdn.mini4wd-engineer.com,/api/v1/instance/privacy_policy,404 Client Error: Not Found for url: https://mstdn.mini4wd-engineer.com/api/v1/instance/privacy_policy
mstdn.mini4wd-engineer.com,/api/v1/instance/terms_of_service,404 Client Error: Not Found for url: https://mstdn.mini4wd-engineer.com/api/v1/instance/terms_of_service
mstdn.mini4wd-engineer.com,/api/v1/instance/translation_languages,404 Client Error: Not Found for url: https://mstdn.mini4wd-engineer.com/api/v1/instance/translation_languages
mstdn.mx,/api/v1/instance/terms_of_service,404 Client Error: Not Found for url: https://mstdn.mx/api/v1/instance/terms_of_service
mstdn.mx,/api/v1/instance/translation_languages,404 Client Error: Not Found for url: https://mstdn.mx/api/v1/instance/translation_languages
mstdn.nere9.help,/api/v1/instance/domain_blocks,404 Client Error: Not Found for url: https://mstdn.nere9.help/api/v1/instance/domain_blocks
mstdn.nere9.help,/api/v1/instance/extended_description,404 Client Error: Not Found for url: https://mstdn.nere9.help/api/v1/instance/extended_description
mstdn.nere9.help,/api/v1/instance/privacy_policy,404 Client Error: Not Found for url: https://mstdn.nere9.help/api/v1/instance/privacy_policy
mstdn.nere9.help,/api/v1/instance/terms_of_service,404 Client Error: Not Found for url: https://mstdn.nere9.help/api/v1/instance/terms_of_service
mstdn.nere9.help,/api/v1/instance/translation_languages,404 Client Error: Not Found for url: https://mstdn.nere9.help/api/v1/instance/translation_languages
mstdn.nicolog.jp,/api/v1/instance/domain_blocks,404 Client Error: Not Found for url: https://mstdn.nicolog.jp/api/v1/instance/domain_blocks
mstdn.nicolog.jp,/api/v1/instance/terms_of_service,404 Client Error: Not Found for url: https://mstdn.nicolog.jp/api/v1/instance/terms_of_service
mstdn.plusminus.io,/api/v1/instance/domain_blocks,404 Client Error: Not Found for url: https://mstdn.plusminus.io/api/v1/instance/domain_blocks
mstdn.plusminus.io,/api/v1/instance/terms_of_service,404 Client Error: Not Found for url: https://mstdn.plusminus.io/api/v1/instance/terms_of_service
mstdn.poyo.me,/api/v1/instance/domain_blocks,404 Client Error: Not Found for url: https://mstdn.poyo.me/api/v1/instance/domain_blocks
mstdn.poyo.me,/api/v1/instance/terms_of_service,404 Client Error: Not Found for url: https://mstdn.poyo.me/api/v1/instance/terms_of_service
mstdn.sastudio.jp,/api/v1/instance/domain_blocks,404 Client Error: Not Found for url: https://mstdn.sastudio.jp/api/v1/instance/domain_blocks
mstdn.sastudio.jp,/api/v1/instance/terms_of_service,404 Client Error: Not Found for url: https://mstdn.sastudio.jp/api/v1/instance/terms_of_service
mstdn.soysoftware.net,/api/v1/instance/domain_blocks,404 Client Error: Not Found for url: https://mstdn.soysoftware.net/api/v1/instance/domain_blocks
mstdn.soysoftware.net,/api/v1/instance/terms_of_service,404 Client Error: Not Found for url: https://mstdn.soysoftware.net/api/v1/instance/terms_of_service
mstdn.sublimer.me,/api/v1/instance/domain_blocks,404 Client Error: Not Found for url: https://mstdn.sublimer.me/api/v1/instance/domain_blocks
mstdn.sublimer.me,/api/v1/instance/terms_of_service,404 Client Error: Not Found for url: https://mstdn.sublimer.me/api/v1/instance/terms_of_service
mstdn.tokyocameraclub.com,/api/v1/instance/domain_blocks,404 Client Error: Not Found for url: https://mstdn.tokyocameraclub.com/api/v1/instance/domain_blocks
mstdn.tokyocameraclub.com,/api/v1/instance/terms_of_service,404 Client Error: Not Found for url: https://mstdn.tokyocameraclub.com/api/v1/instance/terms_of_service
mstdn.y-zu.org,/api/v1/instance/activity,404 Client Error: Not Found for url: https://mstdn.y-zu.org/api/v1/instance/activity
mstdn.y-zu.org,/api/v1/instance/domain_blocks,404 Client Error: Not Found for url: https://mstdn.y-zu.org/api/v1/instance/domain_blocks
mstdn.y-zu.org,/api/v1/instance/terms_of_service,404 Client Error: Not Found for url: https://mstdn.y-zu.org/api/v1/instance/terms_of_service
mstdn.y-zu.org,/api/v1/instance/translation_languages,404 Client Error: Not Found for url: https://mstdn.y-zu.org/api/v1/instance/translation_languages
muenchen.social,/api/v1/instance/terms_of_service,404 Client Error: Not Found for url: https://muenchen.social/api/v1/instance/terms_of_service
mustardon.tokyo,/api/v1/instance/domain_blocks,404 Client Error: Not Found for url: https://mustardon.tokyo/api/v1/instance/domain_blocks
mustardon.tokyo,/api/v1/instance/terms_of_service,404 Client Error: Not Found for url: https://mustardon.tokyo/api/v1/instance/terms_of_service
mzn-potatochips.me,/api/v1/instance/domain_blocks,404 Client Error: Not Found for url: https://mzn-potatochips.me/api/v1/instance/domain_blocks
mzn-potatochips.me,/api/v1/instance/terms_of_service,404 Client Error: Not Found for url: https://mzn-potatochips.me/api/v1/instance/terms_of_service
nagoyadon.jp,/api/v1/instance/domain_blocks,404 Client Error: Not Found for url: https://nagoyadon.jp/api/v1/instance/domain_blocks
nagoyadon.jp,/api/v1/instance/terms_of_service,404 Client Error: Not Found for url: https://nagoyadon.jp/api/v1/instance/terms_of_service
nayukana.info,/api/v1/instance/domain_blocks,404 Client Error: Not Found for url: https://nayukana.info/api/v1/instance/domain_blocks
nayukana.info,/api/v1/instance/terms_of_service,404 Client Error: Not Found for url: https://nayukana.info/api/v1/instance/terms_of_service
nitiasa.com,/api/v1/instance/domain_blocks,404 Client Error: Not Found for url: https://nitiasa.com/api/v1/instance/domain_blocks
nitiasa.com,/api/v1/instance/terms_of_service,404 Client Error: Not Found for url: https://nitiasa.com/api/v1/instance/terms_of_service
norden.social,/api/v1/instance/terms_of_service,404 Client Error: Not Found for url: https://norden.social/api/v1/instance/terms_of_service
o3o.ca,/api/v1/instance/peers,404 Client Error: Not Found for url: https://o3o.ca/api/v1/instance/peers
o3o.ca,/api/v1/instance/domain_blocks,404 Client Error: Not Found for url: https://o3o.ca/api/v1/instance/domain_blocks
o3o.ca,/api/v1/instance/terms_of_service,404 Client Error: Not Found for url: https://o3o.ca/api/v1/instance/terms_of_service
odakyu.app,/api/v1/instance/terms_of_service,404 Client Error: Not Found for url: https://odakyu.app/api/v1/instance/terms_of_service
oldbytes.space,/api/v1/instance/domain_blocks,404 Client Error: Not Found for url: https://oldbytes.space/api/v1/instance/domain_blocks
oldbytes.space,/api/v1/instance/terms_of_service,404 Client Error: Not Found for url: https://oldbytes.space/api/v1/instance/terms_of_service
openbiblio.social,/api/v1/instance/domain_blocks,404 Client Error: Not Found for url: https://openbiblio.social/api/v1/instance/domain_blocks
openbiblio.social,/api/v1/instance/terms_of_service,404 Client Error: Not Found for url: https://openbiblio.social/api/v1/instance/terms_of_service
otogamer.me,/api/v1/instance/domain_blocks,404 Client Error: Not Found for url: https://otogamer.me/api/v1/instance/domain_blocks
otogamer.me,/api/v1/instance/terms_of_service,404 Client Error: Not Found for url: https://otogamer.me/api/v1/instance/terms_of_service
otoya.space,/api/v1/instance/terms_of_service,404 Client Error: Not Found for url: https://otoya.space/api/v1/instance/terms_of_service
oulipo.social,/api/v1/instance/domain_blocks,404 Client Error: Not Found for url: https://oulipo.social/api/v1/instance/domain_blocks
oulipo.social,/api/v1/instance/terms_of_service,404 Client Error: Not Found for url: https://oulipo.social/api/v1/instance/terms_of_service
oulipo.social,/api/v1/instance/translation_languages,404 Client Error: Not Found for url: https://oulipo.social/api/v1/instance/translation_languages
pawoo.net,/api/v1/instance/domain_blocks,404 Client Error: Not Found for url: https://pawoo.net/api/v1/instance/domain_blocks
pawoo.net,/api/v1/instance/terms_of_service,404 Client Error: Not Found for url: https://pawoo.net/api/v1/instance/terms_of_service
pawoo.net,/api/v1/instance/translation_languages,404 Client Error: Not Found for url: https://pawoo.net/api/v1/instance/translation_languages
pcgamer.social,imformation (v2 & v1),410 Client Error: Gone for url: https://pcgamer.social/api/v1/instance
pcgamer.social,/api/v1/instance/peers,410 Client Error: Gone for url: https://pcgamer.social/api/v1/instance/peers
pcgamer.social,/api/v1/instance/activity,410 Client Error: Gone for url: https://pcgamer.social/api/v1/instance/activity
pcgamer.social,/api/v1/instance/rules,410 Client Error: Gone for url: https://pcgamer.social/api/v1/instance/rules
pcgamer.social,/api/v1/instance/domain_blocks,410 Client Error: Gone for url: https://pcgamer.social/api/v1/instance/domain_blocks
pcgamer.social,/api/v1/instance/extended_description,410 Client Error: Gone for url: https://pcgamer.social/api/v1/instance/extended_description
pcgamer.social,/api/v1/instance/privacy_policy,410 Client Error: Gone for url: https://pcgamer.social/api/v1/instance/privacy_policy
pcgamer.social,/api/v1/instance/terms_of_service,410 Client Error: Gone for url: https://pcgamer.social/api/v1/instance/terms_of_service
pcgamer.social,/api/v1/instance/translation_languages,410 Client Error: Gone for url: https://pcgamer.social/api/v1/instance/translation_languages
persadon.com,/api/v1/instance/domain_blocks,404 Client Error: Not Found for url: https://persadon.com/api/v1/instance/domain_blocks
persadon.com,/api/v1/instance/terms_of_service,404 Client Error: Not Found for url: https://persadon.com/api/v1/instance/terms_of_service
photodn.net,/api/v1/instance/domain_blocks,404 Client Error: Not Found for url: https://photodn.net/api/v1/instance/domain_blocks
photodn.net,/api/v1/instance/terms_of_service,404 Client Error: Not Found for url: https://photodn.net/api/v1/instance/terms_of_service
photog.social,/api/v1/instance/domain_blocks,404 Client Error: Not Found for url: https://photog.social/api/v1/instance/domain_blocks
photog.social,/api/v1/instance/terms_of_service,404 Client Error: Not Found for url: https://photog.social/api/v1/instance/terms_of_service
phpc.social,/api/v1/instance/domain_blocks,404 Client Error: Not Found for url: https://phpc.social/api/v1/instance/domain_blocks
phpc.social,/api/v1/instance/terms_of_service,404 Client Error: Not Found for url: https://phpc.social/api/v1/instance/terms_of_service
planet.moe,/api/v1/instance/terms_of_service,404 Client Error: Not Found for url: https://planet.moe/api/v1/instance/terms_of_service
plasticmodels.tokyo,/api/v1/instance/rules,404 Client Error: Not Found for url: https://plasticmodels.tokyo/api/v1/instance/rules
plasticmodels.tokyo,/api/v1/instance/domain_blocks,404 Client Error: Not Found for url: https://plasticmodels.tokyo/api/v1/instance/domain_blocks
plasticmodels.tokyo,/api/v1/instance/extended_description,404 Client Error: Not Found for url: https://plasticmodels.tokyo/api/v1/instance/extended_description
plasticmodels.tokyo,/api/v1/instance/privacy_policy,404 Client Error: Not Found for url: https://plasticmodels.tokyo/api/v1/instance/privacy_policy
plasticmodels.tokyo,/api/v1/instance/terms_of_service,404 Client Error: Not Found for url: https://plasticmodels.tokyo/api/v1/instance/terms_of_service
plasticmodels.tokyo,/api/v1/instance/translation_languages,404 Client Error: Not Found for url: https://plasticmodels.tokyo/api/v1/instance/translation_languages
pokemon.mastportal.info,/api/v1/instance/domain_blocks,404 Client Error: Not Found for url: https://pokemon.mastportal.info/api/v1/instance/domain_blocks
pokemon.mastportal.info,/api/v1/instance/terms_of_service,404 Client Error: Not Found for url: https://pokemon.mastportal.info/api/v1/instance/terms_of_service
pokemon.men,/api/v1/instance/domain_blocks,404 Client Error: Not Found for url: https://pokemon.men/api/v1/instance/domain_blocks
pokemon.men,/api/v1/instance/terms_of_service,404 Client Error: Not Found for url: https://pokemon.men/api/v1/instance/terms_of_service
pomdon.work,/api/v1/instance/peers,404 Client Error: Not Found for url: https://pomdon.work/api/v1/instance/peers
pomdon.work,/api/v1/instance/activity,404 Client Error: Not Found for url: https://pomdon.work/api/v1/instance/activity
pomdon.work,/api/v1/instance/domain_blocks,404 Client Error: Not Found for url: https://pomdon.work/api/v1/instance/domain_blocks
pomdon.work,/api/v1/instance/terms_of_service,404 Client Error: Not Found for url: https://pomdon.work/api/v1/instance/terms_of_service
pony.social,/api/v1/instance/domain_blocks,404 Client Error: Not Found for url: https://pony.social/api/v1/instance/domain_blocks
pony.social,/api/v1/instance/terms_of_service,404 Client Error: Not Found for url: https://pony.social/api/v1/instance/terms_of_service
poofion.com,/api/v1/instance/rules,404 Client Error: Not Found for url: https://poofion.com/api/v1/instance/rules
poofion.com,/api/v1/instance/domain_blocks,404 Client Error: Not Found for url: https://poofion.com/api/v1/instance/domain_blocks
poofion.com,/api/v1/instance/extended_description,404 Client Error: Not Found for url: https://poofion.com/api/v1/instance/extended_description
poofion.com,/api/v1/instance/privacy_policy,404 Client Error: Not Found for url: https://poofion.com/api/v1/instance/privacy_policy
poofion.com,/api/v1/instance/terms_of_service,404 Client Error: Not Found for url: https://poofion.com/api/v1/instance/terms_of_service
poofion.com,/api/v1/instance/translation_languages,404 Client Error: Not Found for url: https://poofion.com/api/v1/instance/translation_languages
popon.pptdn.jp,/api/v1/instance/domain_blocks,404 Client Error: Not Found for url: https://popon.pptdn.jp/api/v1/instance/domain_blocks
popon.pptdn.jp,/api/v1/instance/terms_of_service,404 Client Error: Not Found for url: https://popon.pptdn.jp/api/v1/instance/terms_of_service
post.lurk.org,/api/v1/instance/domain_blocks,404 Client Error: Not Found for url: https://post.lurk.org/api/v1/instance/domain_blocks
post.lurk.org,/api/v1/instance/terms_of_service,404 Client Error: Not Found for url: https://post.lurk.org/api/v1/instance/terms_of_service
pouet.april.org,/api/v1/instance/domain_blocks,404 Client Error: Not Found for url: https://pouet.april.org/api/v1/instance/domain_blocks
pouet.april.org,/api/v1/instance/terms_of_service,404 Client Error: Not Found for url: https://pouet.april.org/api/v1/instance/terms_of_service
pouet.chapril.org,/api/v1/instance/domain_blocks,404 Client Error: Not Found for url: https://pouet.chapril.org/api/v1/instance/domain_blocks
pouet.chapril.org,/api/v1/instance/terms_of_service,404 Client Error: Not Found for url: https://pouet.chapril.org/api/v1/instance/terms_of_service
pounced-on.me,/api/v1/instance/terms_of_service,404 Client Error: Not Found for url: https://pounced-on.me/api/v1/instance/terms_of_service
precure.ml,/api/v1/instance/domain_blocks,404 Client Error: Not Found for url: https://precure.ml/api/v1/instance/domain_blocks
precure.ml,/api/v1/instance/terms_of_service,404 Client Error: Not Found for url: https://precure.ml/api/v1/instance/terms_of_service
qdon.space,/api/v1/instance/domain_blocks,404 Client Error: Not Found for url: https://qdon.space/api/v1/instance/domain_blocks
qdon.space,/api/v1/instance/terms_of_service,404 Client Error: Not Found for url: https://qdon.space/api/v1/instance/terms_of_service
qnmd.info,/api/v1/instance/domain_blocks,404 Client Error: Not Found for url: https://qnmd.info/api/v1/instance/domain_blocks
qnmd.info,/api/v1/instance/terms_of_service,404 Client Error: Not Found for url: https://qnmd.info/api/v1/instance/terms_of_service
qoto.org,/api/v1/instance/domain_blocks,404 Client Error: Not Found for url: https://qoto.org/api/v1/instance/domain_blocks
qoto.org,/api/v1/instance/extended_description,404 Client Error: Not Found for url: https://qoto.org/api/v1/instance/extended_description
qoto.org,/api/v1/instance/privacy_policy,404 Client Error: Not Found for url: https://qoto.org/api/v1/instance/privacy_policy
qoto.org,/api/v1/instance/terms_of_service,404 Client Error: Not Found for url: https://qoto.org/api/v1/instance/terms_of_service
qoto.org,/api/v1/instance/translation_languages,404 Client Error: Not Found for url: https://qoto.org/api/v1/instance/translation_languages
raptol.net,/api/v1/instance/domain_blocks,404 Client Error: Not Found for url: https://raptol.net/api/v1/instance/domain_blocks
raptol.net,/api/v1/instance/terms_of_service,404 Client Error: Not Found for url: https://raptol.net/api/v1/instance/terms_of_service
redwombat.social,/api/v1/instance/domain_blocks,404 Client Error: Not Found for url: https://redwombat.social/api/v1/instance/domain_blocks
redwombat.social,/api/v1/instance/privacy_policy,500 Server Error: Internal Server Error for url: https://redwombat.social/api/v1/instance/privacy_policy
redwombat.social,/api/v1/instance/terms_of_service,404 Client Error: Not Found for url: https://redwombat.social/api/v1/instance/terms_of_service
rewa.mobi,/api/v1/instance/rules,404 Client Error: Not Found for url: https://rewa.mobi/api/v1/instance/rules
rewa.mobi,/api/v1/instance/domain_blocks,404 Client Error: Not Found for url: https://rewa.mobi/api/v1/instance/domain_blocks
rewa.mobi,/api/v1/instance/extended_description,404 Client Error: Not Found for url: https://rewa.mobi/api/v1/instance/extended_description
rewa.mobi,/api/v1/instance/privacy_policy,404 Client Error: Not Found for url: https://rewa.mobi/api/v1/instance/privacy_policy
rewa.mobi,/api/v1/instance/terms_of_service,404 Client Error: Not Found for url: https://rewa.mobi/api/v1/instance/terms_of_service
rewa.mobi,/api/v1/instance/translation_languages,404 Client Error: Not Found for url: https://rewa.mobi/api/v1/instance/translation_languages
rubber.social,/api/v1/instance/domain_blocks,404 Client Error: Not Found for url: https://rubber.social/api/v1/instance/domain_blocks
rubber.social,/api/v1/instance/terms_of_service,404 Client Error: Not Found for url: https://rubber.social/api/v1/instance/terms_of_service
ruby.social,/api/v1/instance/domain_blocks,404 Client Error: Not Found for url: https://ruby.social/api/v1/instance/domain_blocks
ruby.social,/api/v1/instance/terms_of_service,404 Client Error: Not Found for url: https://ruby.social/api/v1/instance/terms_of_service
ruhr.social,/api/v1/instance/domain_blocks,404 Client Error: Not Found for url: https://ruhr.social/api/v1/instance/domain_blocks
ruhr.social,/api/v1/instance/terms_of_service,404 Client Error: Not Found for url: https://ruhr.social/api/v1/instance/terms_of_service
scalie.club,/api/v1/instance/domain_blocks,404 Client Error: Not Found for url: https://scalie.club/api/v1/instance/domain_blocks
scalie.club,/api/v1/instance/terms_of_service,404 Client Error: Not Found for url: https://scalie.club/api/v1/instance/terms_of_service
schleuss.online,imformation (v2 & v1),"HTTPSConnectionPool(host='schleuss.online', port=443): Read timed out. (read timeout=10)"
schleuss.online,/api/v1/instance/peers,"HTTPSConnectionPool(host='schleuss.online', port=443): Read timed out. (read timeout=10)"
schleuss.online,/api/v1/instance/activity,"HTTPSConnectionPool(host='schleuss.online', port=443): Read timed out. (read timeout=10)"
schleuss.online,/api/v1/instance/rules,"HTTPSConnectionPool(host='schleuss.online', port=443): Read timed out. (read timeout=10)"
schleuss.online,/api/v1/instance/domain_blocks,"HTTPSConnectionPool(host='schleuss.online', port=443): Read timed out. (read timeout=10)"
schleuss.online,/api/v1/instance/extended_description,"HTTPSConnectionPool(host='schleuss.online', port=443): Read timed out. (read timeout=10)"
schleuss.online,/api/v1/instance/privacy_policy,"HTTPSConnectionPool(host='schleuss.online', port=443): Read timed out. (read timeout=10)"
schleuss.online,/api/v1/instance/terms_of_service,"HTTPSConnectionPool(host='schleuss.online', port=443): Read timed out. (read timeout=10)"
schleuss.online,/api/v1/instance/translation_languages,"HTTPSConnectionPool(host='schleuss.online', port=443): Read timed out. (read timeout=10)"
scicomm.xyz,/api/v1/instance/domain_blocks,404 Client Error: Not Found for url: https://scicomm.xyz/api/v1/instance/domain_blocks
scicomm.xyz,/api/v1/instance/terms_of_service,404 Client Error: Not Found for url: https://scicomm.xyz/api/v1/instance/terms_of_service
shadowverdon.info,/api/v1/instance/domain_blocks,404 Client Error: Not Found for url: https://shadowverdon.info/api/v1/instance/domain_blocks
shadowverdon.info,/api/v1/instance/terms_of_service,404 Client Error: Not Found for url: https://shadowverdon.info/api/v1/instance/terms_of_service
snaggletooth.life,/api/v1/instance/terms_of_service,404 Client Error: Not Found for url: https://snaggletooth.life/api/v1/instance/terms_of_service
social.atypique.net,/api/v1/instance/domain_blocks,404 Client Error: Not Found for url: https://social.atypique.net/api/v1/instance/domain_blocks
social.atypique.net,/api/v1/instance/terms_of_service,404 Client Error: Not Found for url: https://social.atypique.net/api/v1/instance/terms_of_service
social.bau-ha.us,/api/v1/instance/peers,404 Client Error: Not Found for url: https://social.bau-ha.us/api/v1/instance/peers
social.bau-ha.us,/api/v1/instance/activity,404 Client Error: Not Found for url: https://social.bau-ha.us/api/v1/instance/activity
social.bau-ha.us,/api/v1/instance/terms_of_service,404 Client Error: Not Found for url: https://social.bau-ha.us/api/v1/instance/terms_of_service
social.beachcom.org,/api/v1/instance/domain_blocks,404 Client Error: Not Found for url: https://social.beachcom.org/api/v1/instance/domain_blocks
social.beachcom.org,/api/v1/instance/terms_of_service,404 Client Error: Not Found for url: https://social.beachcom.org/api/v1/instance/terms_of_service
social.chinwag.org,/api/v1/instance/domain_blocks,404 Client Error: Not Found for url: https://social.chinwag.org/api/v1/instance/domain_blocks
social.chinwag.org,/api/v1/instance/terms_of_service,404 Client Error: Not Found for url: https://social.chinwag.org/api/v1/instance/terms_of_service
social.coop,/api/v1/instance/domain_blocks,404 Client Error: Not Found for url: https://social.coop/api/v1/instance/domain_blocks
social.coop,/api/v1/instance/terms_of_service,404 Client Error: Not Found for url: https://social.coop/api/v1/instance/terms_of_service
social.dumijay.com,/api/v1/instance/domain_blocks,404 Client Error: Not Found for url: https://social.dumijay.com/api/v1/instance/domain_blocks
social.dumijay.com,/api/v1/instance/terms_of_service,404 Client Error: Not Found for url: https://social.dumijay.com/api/v1/instance/terms_of_service
social.luca.run,/api/v1/instance/domain_blocks,404 Client Error: Not Found for url: https://social.luca.run/api/v1/instance/domain_blocks
social.luca.run,/api/v1/instance/terms_of_service,404 Client Error: Not Found for url: https://social.luca.run/api/v1/instance/terms_of_service
social.mikutter.hachune.net,/api/v1/instance/domain_blocks,404 Client Error: Not Found for url: https://social.mikutter.hachune.net/api/v1/instance/domain_blocks
social.mikutter.hachune.net,/api/v1/instance/terms_of_service,404 Client Error: Not Found for url: https://social.mikutter.hachune.net/api/v1/instance/terms_of_service
social.mochi.academy,/api/v1/instance/domain_blocks,404 Client Error: Not Found for url: https://social.mochi.academy/api/v1/instance/domain_blocks
social.mochi.academy,/api/v1/instance/terms_of_service,404 Client Error: Not Found for url: https://social.mochi.academy/api/v1/instance/terms_of_service
social.nah.re,/api/v1/instance/terms_of_service,404 Client Error: Not Found for url: https://social.nah.re/api/v1/instance/terms_of_service
social.rebellion.global,/api/v1/instance/domain_blocks,404 Client Error: Not Found for url: https://social.rebellion.global/api/v1/instance/domain_blocks
social.rebellion.global,/api/v1/instance/terms_of_service,404 Client Error: Not Found for url: https://social.rebellion.global/api/v1/instance/terms_of_service
social.typica.us,/api/v1/instance/peers,404 Client Error: Not Found for url: https://social.typica.us/api/v1/instance/peers
social.typica.us,/api/v1/instance/activity,404 Client Error: Not Found for url: https://social.typica.us/api/v1/instance/activity
social.typica.us,/api/v1/instance/domain_blocks,404 Client Error: Not Found for url: https://social.typica.us/api/v1/instance/domain_blocks
social.typica.us,/api/v1/instance/extended_description,404 Client Error: Not Found for url: https://social.typica.us/api/v1/instance/extended_description
social.typica.us,/api/v1/instance/privacy_policy,404 Client Error: Not Found for url: https://social.typica.us/api/v1/instance/privacy_policy
social.typica.us,/api/v1/instance/terms_of_service,404 Client Error: Not Found for url: https://social.typica.us/api/v1/instance/terms_of_service
social.typica.us,/api/v1/instance/translation_languages,404 Client Error: Not Found for url: https://social.typica.us/api/v1/instance/translation_languages
social.wake.st,/api/v1/instance/terms_of_service,404 Client Error: Not Found for url: https://social.wake.st/api/v1/instance/terms_of_service
society.oftrolls.com,/api/v1/instance/domain_blocks,404 Client Error: Not Found for url: https://society.oftrolls.com/api/v1/instance/domain_blocks
society.oftrolls.com,/api/v1/instance/terms_of_service,404 Client Error: Not Found for url: https://society.oftrolls.com/api/v1/instance/terms_of_service
sonomu.club,/api/v1/instance/domain_blocks,404 Client Error: Not Found for url: https://sonomu.club/api/v1/instance/domain_blocks
sonomu.club,/api/v1/instance/terms_of_service,404 Client Error: Not Found for url: https://sonomu.club/api/v1/instance/terms_of_service
stoneartprod.xyz,/api/v1/instance/domain_blocks,404 Client Error: Not Found for url: https://stoneartprod.xyz/api/v1/instance/domain_blocks
stoneartprod.xyz,/api/v1/instance/terms_of_service,404 Client Error: Not Found for url: https://stoneartprod.xyz/api/v1/instance/terms_of_service
swingset.social,/api/v1/instance/domain_blocks,404 Client Error: Not Found for url: https://swingset.social/api/v1/instance/domain_blocks
swingset.social,/api/v1/instance/terms_of_service,404 Client Error: Not Found for url: https://swingset.social/api/v1/instance/terms_of_service
tablegame.mstdn.cloud,/api/v1/instance/domain_blocks,404 Client Error: Not Found for url: https://tablegame.mstdn.cloud/api/v1/instance/domain_blocks
tablegame.mstdn.cloud,/api/v1/instance/terms_of_service,404 Client Error: Not Found for url: https://tablegame.mstdn.cloud/api/v1/instance/terms_of_service
taruntarun.net,/api/v1/instance/peers,404 Client Error: Not Found for url: https://taruntarun.net/api/v1/instance/peers
taruntarun.net,/api/v1/instance/activity,404 Client Error: Not Found for url: https://taruntarun.net/api/v1/instance/activity
taruntarun.net,/api/v1/instance/domain_blocks,404 Client Error: Not Found for url: https://taruntarun.net/api/v1/instance/domain_blocks
taruntarun.net,/api/v1/instance/terms_of_service,404 Client Error: Not Found for url: https://taruntarun.net/api/v1/instance/terms_of_service
tekkadon.manimani.cc,/api/v1/instance/domain_blocks,404 Client Error: Not Found for url: https://tekkadon.manimani.cc/api/v1/instance/domain_blocks
tekkadon.manimani.cc,/api/v1/instance/terms_of_service,404 Client Error: Not Found for url: https://tekkadon.manimani.cc/api/v1/instance/terms_of_service
tilde.zone,/api/v1/instance/domain_blocks,404 Client Error: Not Found for url: https://tilde.zone/api/v1/instance/domain_blocks
tilde.zone,/api/v1/instance/terms_of_service,404 Client Error: Not Found for url: https://tilde.zone/api/v1/instance/terms_of_service
tooot.im,/api/v1/instance/terms_of_service,404 Client Error: Not Found for url: https://tooot.im/api/v1/instance/terms_of_service
toot.aquilenet.fr,/api/v1/instance/terms_of_service,404 Client Error: Not Found for url: https://toot.aquilenet.fr/api/v1/instance/terms_of_service
toot.berlin,/api/v1/instance/terms_of_service,404 Client Error: Not Found for url: https://toot.berlin/api/v1/instance/terms_of_service
toot.blue,/api/v1/instance/terms_of_service,404 Client Error: Not Found for url: https://toot.blue/api/v1/instance/terms_of_service
toot.cafe,/api/v1/instance/domain_blocks,404 Client Error: Not Found for url: https://toot.cafe/api/v1/instance/domain_blocks
toot.cafe,/api/v1/instance/terms_of_service,404 Client Error: Not Found for url: https://toot.cafe/api/v1/instance/terms_of_service
toot.cat,/api/v1/instance/terms_of_service,404 Client Error: Not Found for url: https://toot.cat/api/v1/instance/terms_of_service
toot.kif.rocks,/api/v1/instance/terms_of_service,404 Client Error: Not Found for url: https://toot.kif.rocks/api/v1/instance/terms_of_service
toot.si,/api/v1/instance/domain_blocks,404 Client Error: Not Found for url: https://toot.si/api/v1/instance/domain_blocks
toot.si,/api/v1/instance/terms_of_service,404 Client Error: Not Found for url: https://toot.si/api/v1/instance/terms_of_service
toot.thoughtworks.com,/api/v1/instance/domain_blocks,404 Client Error: Not Found for url: https://toot.thoughtworks.com/api/v1/instance/domain_blocks
toot.thoughtworks.com,/api/v1/instance/terms_of_service,404 Client Error: Not Found for url: https://toot.thoughtworks.com/api/v1/instance/terms_of_service
toot.wales,/api/v1/instance/domain_blocks,404 Client Error: Not Found for url: https://toot.wales/api/v1/instance/domain_blocks
tooting.ch,/api/v1/instance/terms_of_service,404 Client Error: Not Found for url: https://tooting.ch/api/v1/instance/terms_of_service
tooting.ch,/api/v1/instance/translation_languages,503 Server Error: Service Unavailable for url: https://tooting.ch/api/v1/instance/translation_languages
tooting.intensifi.es,/api/v1/instance/terms_of_service,404 Client Error: Not Found for url: https://tooting.intensifi.es/api/v1/instance/terms_of_service
troet.cafe,/api/v1/instance/terms_of_service,404 Client Error: Not Found for url: https://troet.cafe/api/v1/instance/terms_of_service
ukadon.shillest.net,/api/v1/instance/domain_blocks,404 Client Error: Not Found for url: https://ukadon.shillest.net/api/v1/instance/domain_blocks
ukadon.shillest.net,/api/v1/instance/terms_of_service,404 Client Error: Not Found for url: https://ukadon.shillest.net/api/v1/instance/terms_of_service
ulman.social,/api/v1/instance/domain_blocks,404 Client Error: Not Found for url: https://ulman.social/api/v1/instance/domain_blocks
ulman.social,/api/v1/instance/terms_of_service,404 Client Error: Not Found for url: https://ulman.social/api/v1/instance/terms_of_service
unnerv.jp,/api/v1/instance/domain_blocks,404 Client Error: Not Found for url: https://unnerv.jp/api/v1/instance/domain_blocks
unnerv.jp,/api/v1/instance/extended_description,404 Client Error: Not Found for url: https://unnerv.jp/api/v1/instance/extended_description
unnerv.jp,/api/v1/instance/privacy_policy,404 Client Error: Not Found for url: https://unnerv.jp/api/v1/instance/privacy_policy
unnerv.jp,/api/v1/instance/terms_of_service,404 Client Error: Not Found for url: https://unnerv.jp/api/v1/instance/terms_of_service
unnerv.jp,/api/v1/instance/translation_languages,404 Client Error: Not Found for url: https://unnerv.jp/api/v1/instance/translation_languages
v2.nyoki.club,/api/v1/instance/domain_blocks,404 Client Error: Not Found for url: https://v2.nyoki.club/api/v1/instance/domain_blocks
v2.nyoki.club,/api/v1/instance/terms_of_service,404 Client Error: Not Found for url: https://v2.nyoki.club/api/v1/instance/terms_of_service
vis.social,/api/v1/instance/domain_blocks,404 Client Error: Not Found for url: https://vis.social/api/v1/instance/domain_blocks
vis.social,/api/v1/instance/terms_of_service,404 Client Error: Not Found for url: https://vis.social/api/v1/instance/terms_of_service
vocalodon.net,/api/v1/instance/domain_blocks,404 Client Error: Not Found for url: https://vocalodon.net/api/v1/instance/domain_blocks
vocalodon.net,/api/v1/instance/terms_of_service,404 Client Error: Not Found for url: https://vocalodon.net/api/v1/instance/terms_of_service
wandering.shop,/api/v1/instance/terms_of_service,404 Client Error: Not Found for url: https://wandering.shop/api/v1/instance/terms_of_service
wokka.be,/api/v1/instance/domain_blocks,404 Client Error: Not Found for url: https://wokka.be/api/v1/instance/domain_blocks
wokka.be,/api/v1/instance/terms_of_service,404 Client Error: Not Found for url: https://wokka.be/api/v1/instance/terms_of_service
wp-social.net,/api/v1/instance/domain_blocks,404 Client Error: Not Found for url: https://wp-social.net/api/v1/instance/domain_blocks
writing.exchange,/api/v1/instance/domain_blocks,404 Client Error: Not Found for url: https://writing.exchange/api/v1/instance/domain_blocks
writing.exchange,/api/v1/instance/terms_of_service,404 Client Error: Not Found for url: https://writing.exchange/api/v1/instance/terms_of_service
wug.fun,/api/v1/instance/domain_blocks,404 Client Error: Not Found for url: https://wug.fun/api/v1/instance/domain_blocks
wug.fun,/api/v1/instance/terms_of_service,404 Client Error: Not Found for url: https://wug.fun/api/v1/instance/terms_of_service
www.librepunk.club,/api/v1/instance/terms_of_service,404 Client Error: Not Found for url: https://www.librepunk.club/api/v1/instance/terms_of_service
x0r.be,/api/v1/instance/domain_blocks,404 Client Error: Not Found for url: https://x0r.be/api/v1/instance/domain_blocks
x0r.be,/api/v1/instance/terms_of_service,404 Client Error: Not Found for url: https://x0r.be/api/v1/instance/terms_of_service
xn--69aa8bzb.xn--y9a3aq,/api/v1/instance/domain_blocks,404 Client Error: Not Found for url: https://xn--69aa8bzb.xn--y9a3aq/api/v1/instance/domain_blocks
xn--69aa8bzb.xn--y9a3aq,/api/v1/instance/terms_of_service,404 Client Error: Not Found for url: https://xn--69aa8bzb.xn--y9a3aq/api/v1/instance/terms_of_service
yakyudon.net,/api/v1/instance/rules,404 Client Error: Not Found for url: https://yakyudon.net/api/v1/instance/rules
yakyudon.net,/api/v1/instance/domain_blocks,404 Client Error: Not Found for url: https://yakyudon.net/api/v1/instance/domain_blocks
yakyudon.net,/api/v1/instance/extended_description,404 Client Error: Not Found for url: https://yakyudon.net/api/v1/instance/extended_description
yakyudon.net,/api/v1/instance/privacy_policy,404 Client Error: Not Found for url: https://yakyudon.net/api/v1/instance/privacy_policy
yakyudon.net,/api/v1/instance/terms_of_service,404 Client Error: Not Found for url: https://yakyudon.net/api/v1/instance/terms_of_service
yakyudon.net,/api/v1/instance/translation_languages,404 Client Error: Not Found for url: https://yakyudon.net/api/v1/instance/translation_languages
yukari.cafe,/api/v1/instance/domain_blocks,404 Client Error: Not Found for url: https://yukari.cafe/api/v1/instance/domain_blocks
yukari.cafe,/api/v1/instance/terms_of_service,404 Client Error: Not Found for url: https://yukari.cafe/api/v1/instance/terms_of_service
